<?xml version="1.0" encoding="UTF-8"?>
<!-- Generated by eXe - http://exelearning.net -->
<manifest identifier="eXeICIAL_202567b926b1288453291c1" xmlns="http://www.imsproject.org/xsd/imscp_rootv1p1p2" xmlns:adlcp="http://www.adlnet.org/xsd/adlcp_rootv1p2" xmlns:imsmd="http://www.imsglobal.org/xsd/imsmd_v1p2" xmlns:xsi="http://www.w3.org/2001/XMLSchema-instance" xsi:schemaLocation="http://www.imsproject.org/xsd/imscp_rootv1p1p2 imscp_rootv1p1p2.xsd http://www.imsglobal.org/xsd/imsmd_rootv1p2p1 imsmd_rootv1p2p1.xsd http://www.adlnet.org/xsd/adlcp_rootv1p2 adlcp_rootv1p2.xsd" > 
<metadata> 
 <schema>ADL SCORM</schema> 
 <schemaversion>1.2</schemaversion> 
 <adlcp:location>imslrm.xml</adlcp:location> 
</metadata> 
<organizations default="eXeICIAL_202567b926b1288453291c2">  
    <organization identifier="eXeICIAL_202567b926b1288453291c2" structure="hierarchical">
        <title>INTELIGENCIA ARTIFICIAL 2025</title>
<item identifier="ITEM-eXeICIAL_202567b926b1288453291c3" isvisible="true" identifierref="RES-eXeICIAL_202567b926b1288453291c4">
    <title>INTELIGENCIA ARTIFICIAL 2025</title>
<item identifier="ITEM-eXeICIAL_202567b926b1288453291d5" isvisible="true" identifierref="RES-eXeICIAL_202567b926b1288453291d6">
    <title>CONTENIDOS</title>
<item identifier="ITEM-eXeICIAL_202567b926b1288453291d7" isvisible="true" identifierref="RES-eXeICIAL_202567b926b1288453291d8">
    <title>UNIDAD 01 - IA EN INTERNET</title>
<item identifier="ITEM-eXeICIAL_202567b926b1288453291e9" isvisible="true" identifierref="RES-eXeICIAL_202567b926b1288453291ea">
    <title>Tipos de IA</title>
</item>
<item identifier="ITEM-eXeICIAL_202567b926b1288453291eb" isvisible="true" identifierref="RES-eXeICIAL_202567b926b1288453291ec">
    <title>Apps IA</title>
</item>
<item identifier="ITEM-eXeICIAL_202567b926b1288453291fd" isvisible="true" identifierref="RES-eXeICIAL_202567b926b1288453291fe">
    <title>Funciones</title>
</item>
<item identifier="ITEM-eXeICIAL_202567b926b1288453291ff" isvisible="true" identifierref="RES-eXeICIAL_202567b926b1288453291f10">
    <title>Tarea 01</title>
</item>
</item>
<item identifier="ITEM-eXeICIAL_202567b926b1288453292211" isvisible="true" identifierref="RES-eXeICIAL_202567b926b1288453292212">
    <title>UNIDAD 02 - IA EN ROBOTS</title>
<item identifier="ITEM-eXeICIAL_202567b926b1288453292213" isvisible="true" identifierref="RES-eXeICIAL_202567b926b1288453292214">
    <title>Innovación en IA</title>
</item>
<item identifier="ITEM-eXeICIAL_202567b926b1288453292215" isvisible="true" identifierref="RES-eXeICIAL_202567b926b1288453292216">
    <title>Androides</title>
</item>
<item identifier="ITEM-eXeICIAL_202567b926b1288453292317" isvisible="true" identifierref="RES-eXeICIAL_202567b926b1288453292318">
    <title>Propósito</title>
</item>
<item identifier="ITEM-eXeICIAL_202567b926b1288453292319" isvisible="true" identifierref="RES-eXeICIAL_202567b926b128845329231a">
    <title>Tarea 02</title>
</item>
</item>
<item identifier="ITEM-eXeICIAL_202567b926b128845329271b" isvisible="true" identifierref="RES-eXeICIAL_202567b926b128845329271c">
    <title>EVALUACIONES</title>
</item>
</item>
</item>
  </organization>
</organizations>
<resources>
  <resource identifier="RES-eXeICIAL_202567b926b1288453291c4" type="webcontent" adlcp:scormtype="sco" href="index.html"> 
    <file href="index.html"/> 
    <file href="exe_html5.js"/>
    <file href="2025.jpg"/>
    <dependency identifierref="COMMON_FILES"/>
  </resource>
  <resource identifier="RES-eXeICIAL_202567b926b1288453291d6" type="webcontent" adlcp:scormtype="sco" href="contenidos.html"> 
    <file href="contenidos.html"/> 
    <file href="exe_html5.js"/>
    <dependency identifierref="COMMON_FILES"/>
  </resource>
  <resource identifier="RES-eXeICIAL_202567b926b1288453291d8" type="webcontent" adlcp:scormtype="sco" href="unidad_01__ia_en_internet.html"> 
    <file href="unidad_01__ia_en_internet.html"/> 
    <file href="exe_html5.js"/>
    <file href="shutterstock_2083343668.jpg"/>
    <file href="artificial-intelligence-internet-of-things.jpg"/>
    <dependency identifierref="COMMON_FILES"/>
  </resource>
  <resource identifier="RES-eXeICIAL_202567b926b1288453291ea" type="webcontent" adlcp:scormtype="sco" href="tipos_de_ia.html"> 
    <file href="tipos_de_ia.html"/> 
    <file href="exe_html5.js"/>
    <file href="tipos_de_ia.jpg"/>
    <file href="exe_effects.css"/>
    <file href="exe_effects.js"/>
    <dependency identifierref="COMMON_FILES"/>
  </resource>
  <resource identifier="RES-eXeICIAL_202567b926b1288453291ec" type="webcontent" adlcp:scormtype="sco" href="apps_ia.html"> 
    <file href="apps_ia.html"/> 
    <file href="exe_html5.js"/>
    <file href="aplicaciones-IA-generativa.jpg"/>
    <dependency identifierref="COMMON_FILES"/>
  </resource>
  <resource identifier="RES-eXeICIAL_202567b926b1288453291fe" type="webcontent" adlcp:scormtype="sco" href="funciones.html"> 
    <file href="funciones.html"/> 
    <file href="exe_html5.js"/>
    <file href="Curso-inteligencia-artificial-online.jpeg"/>
    <file href="exe_effects.css"/>
    <file href="exe_effects.js"/>
    <dependency identifierref="COMMON_FILES"/>
  </resource>
  <resource identifier="RES-eXeICIAL_202567b926b1288453291f10" type="webcontent" adlcp:scormtype="sco" href="tarea_01.html"> 
    <file href="tarea_01.html"/> 
    <file href="exe_html5.js"/>
    <file href="stock-stop.png"/>
    <file href="panel-amusements.png"/>
    <file href="common.js"/>
    <file href="exequexthits.png"/>
    <file href="exequextrerrors.png"/>
    <file href="exequextsq.png"/>
    <file href="scrambled-list.css"/>
    <file href="scrambled-list.js"/>
    <file href="scrambled-list.png"/>
    <dependency identifierref="COMMON_FILES"/>
  </resource>
  <resource identifier="RES-eXeICIAL_202567b926b1288453292212" type="webcontent" adlcp:scormtype="sco" href="unidad_02__ia_en_robots.html"> 
    <file href="unidad_02__ia_en_robots.html"/> 
    <file href="exe_html5.js"/>
    <file href="La-inteligencia-artificial-en-robots-claves-avances-y-ejemplos1.jpg"/>
    <dependency identifierref="COMMON_FILES"/>
  </resource>
  <resource identifier="RES-eXeICIAL_202567b926b1288453292214" type="webcontent" adlcp:scormtype="sco" href="innovacin_en_ia.html"> 
    <file href="innovacin_en_ia.html"/> 
    <file href="exe_html5.js"/>
    <dependency identifierref="COMMON_FILES"/>
  </resource>
  <resource identifier="RES-eXeICIAL_202567b926b1288453292216" type="webcontent" adlcp:scormtype="sco" href="androides.html"> 
    <file href="androides.html"/> 
    <file href="exe_html5.js"/>
    <file href="SOFIA.jpg"/>
    <dependency identifierref="COMMON_FILES"/>
  </resource>
  <resource identifier="RES-eXeICIAL_202567b926b1288453292318" type="webcontent" adlcp:scormtype="sco" href="propsito.html"> 
    <file href="propsito.html"/> 
    <file href="exe_html5.js"/>
    <file href="robot-androide-7.jpg"/>
    <dependency identifierref="COMMON_FILES"/>
  </resource>
  <resource identifier="RES-eXeICIAL_202567b926b128845329231a" type="webcontent" adlcp:scormtype="sco" href="tarea_02.html"> 
    <file href="tarea_02.html"/> 
    <file href="exe_html5.js"/>
    <file href="common.js"/>
    <file href="exequexthits.png"/>
    <file href="exequextrerrors.png"/>
    <file href="exequextsq.png"/>
    <file href="interactive-video-bg.gif"/>
    <file href="interactive-video-less.gif"/>
    <file href="interactive-video-loading.gif"/>
    <file href="interactive-video-more.gif"/>
    <file href="interactive-video-sorter.png"/>
    <file href="interactive-video.css"/>
    <file href="interactive-video.js"/>
    <file href="cwordfind.js"/>
    <file href="exequextaudio.png"/>
    <file href="exequextcursor.gif"/>
    <file href="exequextfirstr.png"/>
    <file href="exequextfull.png"/>
    <file href="exequextlastr.png"/>
    <file href="exequextlive.png"/>
    <file href="exequextlost.png"/>
    <file href="exequextmin.png"/>
    <file href="exequextmoveon.png"/>
    <file href="exequextnextr.png"/>
    <file href="exequextnormal.png"/>
    <file href="exequextnumber.png"/>
    <file href="exequextone.png"/>
    <file href="exequextpause.png"/>
    <file href="exequextplayvideo.png"/>
    <file href="exequextpreviousr.png"/>
    <file href="exequextreload.png"/>
    <file href="exequextreply.png"/>
    <file href="exequextroscomin.png"/>
    <file href="exequextscore.png"/>
    <file href="exequexttime.png"/>
    <file href="exequexttwo.png"/>
    <file href="exequextvideo.png"/>
    <file href="exequextwon.png"/>
    <file href="mapacerrarventana.svg"/>
    <file href="sopa-activity.css"/>
    <file href="sopa-activity.js"/>
    <file href="sopaHome.png"/>
    <file href="sopaIcon.svg"/>
    <file href="sopaaudio.svg"/>
    <file href="sopaimage.svg"/>
    <dependency identifierref="COMMON_FILES"/>
  </resource>
  <resource identifier="RES-eXeICIAL_202567b926b128845329271c" type="webcontent" adlcp:scormtype="sco" href="evaluaciones.html"> 
    <file href="evaluaciones.html"/> 
    <file href="exe_html5.js"/>
    <file href="exe-rubrics.css"/>
    <file href="exe-rubrics.js"/>
    <dependency identifierref="COMMON_FILES"/>
  </resource>
  <resource identifier="COMMON_FILES" type="webcontent" adlcp:scormtype="asset">
    <file href="config.xml"/>
    <file href="content.css"/>
    <file href="icon_activity.gif"/>
    <file href="icon_casestudy.gif"/>
    <file href="icon_gallery.gif"/>
    <file href="icon_generic.gif"/>
    <file href="icon_objectives.gif"/>
    <file href="icon_preknowledge.gif"/>
    <file href="icon_question.gif"/>
    <file href="icon_reading.gif"/>
    <file href="icon_reflection.gif"/>
    <file href="nav.css"/>
    <file href="open-sans-bold.woff"/>
    <file href="open-sans-bold.woff2"/>
    <file href="open-sans.woff"/>
    <file href="open-sans.woff2"/>
    <file href="_simplepoint_js.js"/>
    <file href="_simplepoint_licenses.gif"/>
    <file href="_simplepoint_navigation.png"/>
    <file href="base.css"/>
    <file href="popup_bg.gif"/>
    <file href="exe_powered_logo.png"/>
    <file href="SCORM_API_wrapper.js"/>
    <file href="SCOFunctions.js"/>
    <file href="common.js"/>
    <file href="common_i18n.js"/>
    <file href="exe_jquery.js"/>
    <file href="content.xsd"/>
    <file href="content.data"/>
    <file href="contentv3.xml"/>
    <file href="imslrm.xml"/>
  </resource>
</resources>
</manifest>
